,Artículo,Precio,Puntuación
0, Casio,US$14.50-US$49.99,4.6
1, Casio Men's MDV106-1AV 200 M WR Black Dive Watch (MDV106-1A),US$40.00-US$99.99,4.7
2, Michael Kors - Reloj de cuarzo Slim Runway de acero inoxidable para hombre,US$112.51-US$349.33,4.7
3, Timex Ironman Classic 30 - Reloj de tamaño completo,US$32.73-US$84.99,4.6
4," Beeasy - Reloj digital de pulsera resistente al agua con cronómetro, alarma, cuenta regresiva, doble zona horaria, ultrafino, pantalla angular muy amplia, para hombres y mujeres.",US$16.99-US$17.99,4.1
5, Casio 10 Year Battery,US$19.92-US$37.87,4.7
6, Timex Expedition Scout 40 - Reloj de pulsera para hombre,US$38.49-US$109.95,4.4
7, Casio Men's Vintage CA53W-1 Calculator Watch,US$19.92-US$34.99,4.6
8," Fossil Nate - Reloj casual de cuarzo para hombre, acero inoxidable y metal",US$76.82-US$194.07,4.5
9," Casio Reloj unisex F-108WH-1ACF con pantalla digital cuadrada grande, cuarzo negro",US$18.95-US$45.00,4.7
10, Timex Reloj unisex Weekender de 1.496 in,US$29.16-US$90.00,4.6
11, Timex Easy Reader Reloj con correa de cuero de 1.496 pulgadas,US$31.02-US$103.76,4.6
12," Relojes para hombre, cronógrafo, acero inoxidable, impermeable, fecha analógica, de cuarzo, de negocios, relojes de pulsera",US$42.99-US$69.99,4.4
13," Timex reloj pulsera para hombres, con día y fecha y lectura sencilla",US$31.99-US$89.99,4.5
14, Mens Digital Sports Watch LED Screen Large Face Military Watches for Men Waterproof Casual Luminous Stopwatch Alarm Simple Army Watch,US$16.99,4.4
15, Casio - Reloj deportivo,US$46.50-US$94.99,4.7
16," Casio G-Shock reloj digital clásico para hombre, Classic, talla única , Negro",US$38.69,4.7
17, YUINK Mens Watch Ultra-Thin Digital Sports Watch Waterproof Stainless Steel Fashion Wrist Watch for Men Women,US$16.99-US$26.99,4.3
18," BOBO BIRD Relojes de madera grabados personalizados para hombre, elegantes relojes de pulsera de cuarzo combinados de madera y acero inoxidable, para hombres, familiares, amigos, reloj personalizado",US$39.94-US$59.99,4.8
19," Fossil Grant - Reloj cronógrafo de cuarzo de acero inoxidable para hombre, Cronógrafo, movimiento de cuarzo",US$74.99-US$197.29,4.7
20, Timex Expedition Acadia Reloj de pulsera para hombre,US$29.92-US$93.07,4.5
21," Golden Hour Fashion Business Relojes para hombre con cronógrafo, a prueba de agua, de acero inoxidable, reloj de cuarzo con fecha automática",US$45.99-US$52.99,4.5
22," Reloj digital deportivo para hombre, esfera grande, impermeable, con cronómetro, alarma, luz LED trasera",US$15.99,4.2
23," Fossil - Reloj casual de cuarzo, minimalista, de acero inoxidable y delgado para hombre",US$72.40-US$190.00,4.5
24, Fossil Neutra - Reloj cronógrafo de cuarzo de acero inoxidable para hombre,US$84.75-US$275.71,4.6
25, Invicta 12847 reloj de acero inoxidable especial con banda azul para hombre,US$27.90,4.7
26," Fossil Townsman - Reloj cronógrafo de cuarzo, casual, de acero inoxidable y cuero, para hombre.",US$91.01-US$182.90,4.7
27, Timex modelo South Street - Reloj deportivo de pulsera para hombre,US$41.78-US$96.97,4.5
28, Casio A158WA-1DF - Reloj digital de acero inoxidable para hombre,US$22.50,4.6
29, Casio Reloj analógico MQ24-7B2 para hombre con correa de resina negra,US$13.40,4.4
